id,first_name,last_name,email,gender,ip_address,country
1,Denna,Andrea,dandrea0@unblog.fr,Female,45.145.243.61,Indonesia
2,Winne,Maddie,wmaddie1@theglobeandmail.com,Female,230.6.106.180,Ireland
3,Joyan,Kures,jkures2@pinterest.com,Female,90.209.166.30,China
4,Vivie,Caistor,vcaistor3@alibaba.com,Female,44.16.61.219,Madagascar
5,Elisha,Patmore,epatmore4@indiatimes.com,Female,209.157.93.205,Indonesia
6,Adah,Traviss,atraviss5@t-online.de,Female,55.125.34.213,Indonesia
7,Margaux,Gillino,mgillino6@bing.com,Female,197.7.112.248,China
8,Lauri,Took,ltook7@ox.ac.uk,Female,75.182.93.101,Russia
9,Dorey,Wilmot,dwilmot8@mail.ru,Female,107.199.150.141,Cameroon
10,Ford,Rakes,frakes9@paypal.com,Male,147.197.246.201,Greece
11,Hanna,Asgodby,hasgodbya@usnews.com,Female,46.169.54.102,Mexico
12,Mia,Brabben,mbrabbenb@slate.com,Female,254.52.169.74,North Korea
13,Darren,Littlejohns,dlittlejohnsc@biblegateway.com,Male,192.157.207.247,Sweden
14,Orton,Brugemann,obrugemannd@marriott.com,Male,179.182.3.136,Italy
15,Aleen,Mattheeuw,amattheeuwe@geocities.com,Female,23.182.232.89,Indonesia
16,Krystyna,Spender,kspenderf@google.pl,Female,194.105.17.201,China
17,Shurlocke,Lyfe,slyfeg@icq.com,Male,63.81.224.210,Indonesia
18,Carver,Corbishley,ccorbishleyh@hc360.com,Male,79.165.71.249,Angola
19,Devland,Carnier,dcarnieri@go.com,Male,43.246.137.237,Brazil
20,Rudolfo,Sandercroft,rsandercroftj@fc2.com,Male,111.66.0.27,Poland
21,Ewart,Nurse,enursek@homestead.com,Male,46.96.62.162,United States
22,Bryanty,Benoy,bbenoyl@symantec.com,Male,199.131.132.56,Russia
23,Reiko,Wyper,rwyperm@sbwire.com,Female,145.199.84.78,Burundi
24,Demeter,Lavington,dlavingtonn@google.co.jp,Female,206.65.13.142,Indonesia
25,Jessie,Brougham,jbroughamo@wufoo.com,Female,124.215.139.104,France
26,Sharron,Pohls,spohlsp@ox.ac.uk,Female,96.132.239.33,Uruguay
27,Bellina,Riddles,briddlesq@wisc.edu,Female,115.241.93.185,Portugal
28,Venita,Delion,vdelionr@biblegateway.com,Female,70.179.133.75,Poland
29,Rosalind,Aubury,rauburys@ed.gov,Female,69.206.176.78,Brazil
30,Beatrice,Gemlbett,bgemlbettt@i2i.jp,Female,137.45.149.227,Canada
31,Garland,Durdy,gdurdyu@ft.com,Female,123.113.30.219,Guatemala
32,Tandy,Durling,tdurlingv@mail.ru,Female,150.119.64.76,China
33,Cacilie,Mayger,cmaygerw@liveinternet.ru,Female,231.204.124.0,Indonesia
34,Jeanna,Alwood,jalwoodx@dagondesign.com,Female,80.72.22.252,Brazil
35,Mandi,Denisard,mdenisardy@naver.com,Female,177.157.143.74,China
36,Guillemette,Peacher,gpeacherz@studiopress.com,Female,131.255.183.224,Canada
37,Marrilee,Dougary,mdougary10@tamu.edu,Female,235.160.214.123,Indonesia
38,Chane,Celle,ccelle11@ustream.tv,Male,255.125.79.245,China
39,Moria,Sandyford,msandyford12@biblegateway.com,Female,187.176.4.204,Japan
40,Dee,Spall,dspall13@theatlantic.com,Female,116.39.99.251,Thailand
41,Porty,Dregan,pdregan14@ucoz.com,Male,222.86.164.35,Argentina
42,Jessika,Howis,jhowis15@about.com,Female,10.158.239.109,Albania
43,Fleurette,Rodder,frodder16@unesco.org,Female,102.35.167.223,Sweden
44,Daphene,Winstone,dwinstone17@weebly.com,Female,0.7.250.180,Portugal
45,Ardys,Gowdridge,agowdridge18@prnewswire.com,Female,194.180.10.156,Russia
46,Cal,Bruckner,cbruckner19@economist.com,Male,22.83.166.93,Swaziland
47,Joeann,Elvidge,jelvidge1a@army.mil,Female,160.8.242.41,Costa Rica
48,Florance,Brandrick,fbrandrick1b@globo.com,Female,238.190.52.15,Indonesia
49,Kendra,Gorstidge,kgorstidge1c@ning.com,Female,80.147.74.188,Indonesia
50,Bettine,Kelloway,bkelloway1d@rakuten.co.jp,Female,64.8.215.54,Philippines
51,Sollie,Sotham,ssotham1e@newsvine.com,Male,205.60.102.79,Georgia
52,Ado,Paddington,apaddington1f@wix.com,Male,196.57.4.105,Sweden
53,Hershel,Seamer,hseamer1g@ycombinator.com,Male,79.67.33.98,United States
54,Humberto,Simony,hsimony1h@nba.com,Male,186.64.140.110,Venezuela
55,Cary,Newlyn,cnewlyn1i@phpbb.com,Male,127.244.176.165,Cameroon
56,Cart,Henrichs,chenrichs1j@bloglovin.com,Male,138.250.195.236,Philippines
57,Link,Growcock,lgrowcock1k@icq.com,Male,82.240.190.29,Russia
58,Rozamond,Anfosso,ranfosso1l@state.tx.us,Female,183.102.123.89,Nigeria
59,Finley,Cracknall,fcracknall1m@globo.com,Male,234.161.48.111,United States
60,Prince,Chinge,pchinge1n@ehow.com,Male,108.114.2.81,South Sudan
61,Anestassia,Prall,aprall1o@cpanel.net,Female,140.236.85.240,Ukraine
62,Candice,Breakwell,cbreakwell1p@sbwire.com,Female,254.227.63.98,Indonesia
63,Jereme,Elland,jelland1q@mediafire.com,Male,115.48.48.9,France
64,Katee,Southernwood,ksouthernwood1r@amazon.co.jp,Female,161.101.232.103,Samoa
65,Casie,Raisbeck,craisbeck1s@cbsnews.com,Female,23.75.225.251,Brazil
66,Wilden,Demcik,wdemcik1t@sina.com.cn,Male,214.237.177.249,Indonesia
67,Zared,Swalwell,zswalwell1u@list-manage.com,Male,80.64.175.122,Chile
68,Kort,Alldread,kalldread1v@princeton.edu,Male,161.151.70.97,Philippines
69,Bucky,Calafate,bcalafate1w@amazon.co.uk,Male,247.21.146.123,China
70,Rubi,Prando,rprando1x@ustream.tv,Female,238.188.71.133,Czech Republic
71,Silvan,Goldwater,sgoldwater1y@ask.com,Male,123.191.70.89,Poland
72,Blythe,Stormes,bstormes1z@dyndns.org,Female,156.68.195.95,Philippines
73,Hayden,Buckler,hbuckler20@jugem.jp,Male,212.207.236.125,Indonesia
74,Arabela,Pesik,apesik21@yellowpages.com,Female,195.187.149.135,France
75,Fenelia,Maffia,fmaffia22@wired.com,Female,177.181.106.84,Thailand
76,Winslow,Jendrusch,wjendrusch23@sohu.com,Male,100.35.59.146,Indonesia
77,Karim,Inde,kinde24@ftc.gov,Male,187.20.163.19,Jamaica
78,Lawton,Casiero,lcasiero25@harvard.edu,Male,27.142.59.76,China
79,Allard,Krysztowczyk,akrysztowczyk26@amazon.co.uk,Male,22.184.57.131,Mexico
80,Kaylee,Ruddiforth,kruddiforth27@sakura.ne.jp,Female,105.164.110.168,Indonesia
81,Stanly,Raubenheimers,sraubenheimers28@jimdo.com,Male,57.97.156.203,Philippines
82,Aube,Pessler,apessler29@patch.com,Male,210.211.5.218,Ireland
83,Bentley,Rossbrooke,brossbrooke2a@digg.com,Male,106.90.12.40,Indonesia
84,Vernor,Rojas,vrojas2b@yelp.com,Male,141.143.197.227,China
85,Dav,Marwood,dmarwood2c@symantec.com,Male,73.129.184.254,Russia
86,Fiann,Overpool,foverpool2d@mayoclinic.com,Female,250.33.62.184,Luxembourg
87,Carroll,Stratton,cstratton2e@a8.net,Female,214.142.138.154,Russia
88,Lawton,Minchindon,lminchindon2f@webs.com,Male,16.27.79.82,Colombia
89,Jesse,Sieghard,jsieghard2g@cam.ac.uk,Male,90.217.197.65,Philippines
90,Willy,Stolz,wstolz2h@4shared.com,Male,194.130.59.228,Samoa
91,Lorry,Domingues,ldomingues2i@redcross.org,Male,184.207.189.27,France
92,Artus,MacCleay,amaccleay2j@statcounter.com,Male,152.141.16.186,China
93,Barbabas,Sollas,bsollas2k@multiply.com,Male,235.29.38.84,China
94,Jeremiah,Cohan,jcohan2l@tiny.cc,Male,247.197.143.120,Indonesia
95,Imojean,Goodhay,igoodhay2m@archive.org,Female,59.35.56.13,China
96,Locke,Coulling,lcoulling2n@flickr.com,Male,18.57.152.94,Indonesia
97,Jarrad,Guard,jguard2o@cbslocal.com,Male,42.20.23.125,Nigeria
98,Patrizius,Nafziger,pnafziger2p@vk.com,Male,228.128.154.44,China
99,Ellary,Maund,emaund2q@sourceforge.net,Male,254.130.250.230,Vietnam
100,Ermentrude,Keyworth,ekeyworth2r@tripod.com,Female,173.76.151.144,Poland
101,Homer,Cristofari,hcristofari2s@symantec.com,Male,151.125.205.14,Norway
102,Dame,Arens,darens2t@guardian.co.uk,Male,152.43.111.27,Venezuela
103,Cristionna,Redgate,credgate2u@accuweather.com,Female,203.251.216.47,Peru
104,Mariellen,Tomasicchio,mtomasicchio2v@youku.com,Female,248.101.21.88,Mozambique
105,Ange,Doutch,adoutch2w@prlog.org,Female,168.77.176.90,Slovenia
106,Viki,Everil,veveril2x@ox.ac.uk,Female,58.225.74.212,China
107,Ashleigh,Peche,apeche2y@deviantart.com,Female,67.63.200.252,Spain
108,Analiese,Woodes,awoodes2z@360.cn,Female,142.137.19.206,Mexico
109,Gerry,Tincey,gtincey30@marketwatch.com,Male,198.58.161.46,Portugal
110,Elspeth,Chestnutt,echestnutt31@comcast.net,Female,102.147.46.196,Japan
111,Tirrell,Giacomini,tgiacomini32@creativecommons.org,Male,172.97.145.42,Zambia
112,Kippy,Dumbrell,kdumbrell33@alibaba.com,Male,199.245.109.225,China
113,Dermot,Clampett,dclampett34@smh.com.au,Male,57.189.32.242,Indonesia
114,Susana,Dorin,sdorin35@livejournal.com,Female,162.194.241.19,Brazil
115,Lilla,Mougenel,lmougenel36@reverbnation.com,Female,182.128.253.99,Bosnia and Herzegovina
116,Arlina,Lacase,alacase37@theguardian.com,Female,168.164.100.255,Tajikistan
117,Rick,Brennon,rbrennon38@tamu.edu,Male,107.172.133.129,China
118,Saundra,Aleksashin,saleksashin39@tmall.com,Female,150.26.119.188,Czech Republic
119,Brose,MacCrann,bmaccrann3a@sogou.com,Male,202.85.212.233,Egypt
120,Logan,Dougherty,ldougherty3b@microsoft.com,Male,151.8.81.196,Argentina
121,Roch,Holworth,rholworth3c@ox.ac.uk,Female,2.107.159.196,Czech Republic
122,Sylvan,McKinn,smckinn3d@npr.org,Male,168.241.204.117,China
123,Catharine,Babbe,cbabbe3e@miitbeian.gov.cn,Female,36.252.212.115,France
124,Clio,Pietruschka,cpietruschka3f@fema.gov,Female,70.122.71.249,Greece
125,Wilona,Callis,wcallis3g@vkontakte.ru,Female,100.120.42.252,Russia
126,Irving,Cundict,icundict3h@webmd.com,Male,233.153.171.28,Portugal
127,Lissa,Dulanty,ldulanty3i@dmoz.org,Female,165.163.64.226,Sweden
128,Natalee,Basketter,nbasketter3j@dailymotion.com,Female,188.52.251.117,Tunisia
129,Romona,Urey,rurey3k@usatoday.com,Female,119.164.210.72,United States
130,Kalina,Nezey,knezey3l@comcast.net,Female,10.129.226.181,Brazil
131,Moe,Facchini,mfacchini3m@xinhuanet.com,Male,133.172.151.251,Philippines
132,Michaela,Brehaut,mbrehaut3n@example.com,Female,105.10.118.114,Philippines
133,Rufe,Sanderson,rsanderson3o@topsy.com,Male,19.251.56.156,Venezuela
134,Antoine,Gordon-Giles,agordongiles3p@infoseek.co.jp,Male,134.164.171.127,South Korea
135,Radcliffe,Garlicke,rgarlicke3q@youtu.be,Male,152.75.56.198,Indonesia
136,Garth,MacAlaster,gmacalaster3r@wikimedia.org,Male,189.159.221.40,China
137,Roderick,Maffey,rmaffey3s@parallels.com,Male,115.250.172.152,Mongolia
138,Nils,Kingzet,nkingzet3t@so-net.ne.jp,Male,211.170.25.40,Indonesia
139,Dukie,Anetts,danetts3u@yelp.com,Male,73.118.33.200,Uruguay
140,Gunner,Blondelle,gblondelle3v@ezinearticles.com,Male,65.4.224.133,France
141,Etti,Dumper,edumper3w@dagondesign.com,Female,126.14.10.114,Greece
142,Dudley,Setchfield,dsetchfield3x@tumblr.com,Male,155.184.175.111,China
143,Hastings,Breddy,hbreddy3y@edublogs.org,Male,145.100.241.216,Philippines
144,Tabor,Wanklyn,twanklyn3z@census.gov,Male,9.211.240.160,Chile
145,Hayden,Barizeret,hbarizeret40@tmall.com,Male,25.84.99.221,China
146,Costanza,Balmadier,cbalmadier41@desdev.cn,Female,79.219.181.151,New Zealand
147,Norris,Bursell,nbursell42@yellowbook.com,Male,51.42.210.66,Mexico
148,Nesta,Dufty,ndufty43@de.vu,Female,97.63.18.203,Hungary
149,Christoper,Dachey,cdachey44@sina.com.cn,Male,190.148.164.222,Western Sahara
150,Guntar,Duplock,gduplock45@abc.net.au,Male,59.104.22.152,Czech Republic
151,Kelvin,Houselee,khouselee46@slate.com,Male,105.154.209.4,Netherlands
152,Lesya,Andrzejewski,landrzejewski47@salon.com,Female,33.220.124.255,China
153,Dennison,Goodrick,dgoodrick48@comsenz.com,Male,98.95.34.145,Malaysia
154,Bondie,Grebner,bgrebner49@toplist.cz,Male,74.104.74.8,Ukraine
155,Halimeda,Dunlop,hdunlop4a@issuu.com,Female,46.19.119.114,Bosnia and Herzegovina
156,Silvana,Gerrell,sgerrell4b@shareasale.com,Female,148.240.84.138,Luxembourg
157,Augy,Raulstone,araulstone4c@t.co,Male,143.123.133.251,Finland
158,Nessi,Ridde,nridde4d@sakura.ne.jp,Female,151.217.191.188,Indonesia
159,Chilton,Farryann,cfarryann4e@unblog.fr,Male,131.24.172.25,Dominican Republic
160,Jules,Matonin,jmatonin4f@infoseek.co.jp,Male,105.23.61.23,Iran
161,Vanya,Hannant,vhannant4g@hostgator.com,Male,68.190.230.138,China
162,Ezequiel,Ebdin,eebdin4h@posterous.com,Male,193.67.214.108,Kosovo
163,Packston,Chapelhow,pchapelhow4i@youtube.com,Male,130.19.37.55,Mali
164,Lavena,Collingridge,lcollingridge4j@linkedin.com,Female,76.183.36.181,Portugal
165,Nariko,Seamer,nseamer4k@illinois.edu,Female,64.243.48.3,Philippines
166,Calvin,Zamora,czamora4l@mozilla.com,Male,78.133.208.56,Canada
167,Mikey,Elphee,melphee4m@netvibes.com,Male,189.32.97.225,China
168,Oswald,Le Quesne,olequesne4n@europa.eu,Male,195.116.85.87,China
169,Sara,Menat,smenat4o@ted.com,Female,137.228.87.38,Portugal
170,Felice,Beetles,fbeetles4p@rambler.ru,Male,153.251.69.117,China
171,Bobina,Brands,bbrands4q@gravatar.com,Female,176.43.47.89,Indonesia
172,Ilyse,Ridsdole,iridsdole4r@theglobeandmail.com,Female,34.108.105.55,South Africa
173,Sisely,Gunther,sgunther4s@nih.gov,Female,35.179.213.249,South Korea
174,Rozella,Mulrooney,rmulrooney4t@loc.gov,Female,58.197.100.176,Finland
175,Willdon,Arcase,warcase4u@amazon.co.jp,Male,2.103.95.122,Cameroon
176,Keary,Burnyate,kburnyate4v@hud.gov,Male,227.252.45.200,Panama
177,Dorita,Wyeld,dwyeld4w@macromedia.com,Female,48.21.193.217,China
178,Bax,Skingle,bskingle4x@foxnews.com,Male,124.38.114.242,Palestinian Territory
179,Garrick,Menci,gmenci4y@jugem.jp,Male,137.19.238.84,Indonesia
180,Stephannie,Swinden,sswinden4z@ox.ac.uk,Female,217.92.77.137,Portugal
181,Rosa,De Courtney,rdecourtney50@auda.org.au,Female,24.208.6.21,Portugal
182,Arvie,Merioth,amerioth51@loc.gov,Male,46.38.138.28,China
183,Daryl,Vaugham,dvaugham52@loc.gov,Male,113.186.125.196,Argentina
184,Leslie,Daoust,ldaoust53@businessweek.com,Female,132.68.104.238,Japan
185,Tammy,Buyers,tbuyers54@blogs.com,Male,62.189.1.172,Russia
186,Isador,Thominga,ithominga55@youtu.be,Male,168.196.91.75,Israel
187,Graeme,Firmin,gfirmin56@360.cn,Male,215.223.48.106,Sweden
188,Shalom,Schachter,sschachter57@slideshare.net,Male,57.59.26.184,China
189,Catherin,Hordle,chordle58@desdev.cn,Female,212.141.202.120,China
190,Carlyn,Dorbin,cdorbin59@toplist.cz,Female,108.139.196.92,Zambia
191,Margarethe,Renshell,mrenshell5a@biblegateway.com,Female,184.16.94.5,Philippines
192,Eleen,Kondrat,ekondrat5b@bbc.co.uk,Female,151.204.169.4,China
193,Claiborn,Kleinerman,ckleinerman5c@fotki.com,Male,110.238.91.193,Indonesia
194,Lee,Suche,lsuche5d@a8.net,Male,194.77.205.57,China
195,Janifer,Gossington,jgossington5e@wikia.com,Female,231.20.50.123,Dominican Republic
196,Lombard,Beardsall,lbeardsall5f@simplemachines.org,Male,198.172.234.107,Pakistan
197,Sheridan,Gisbye,sgisbye5g@utexas.edu,Male,13.24.125.10,Russia
198,Carmita,Woolfenden,cwoolfenden5h@twitpic.com,Female,254.119.186.117,Albania
199,Petrina,Marchi,pmarchi5i@last.fm,Female,81.5.179.6,China
200,Edita,Parry,eparry5j@tiny.cc,Female,41.194.110.22,China
201,Catherine,Neenan,cneenan5k@samsung.com,Female,244.120.8.249,Ghana
202,Barbra,Ketteringham,bketteringham5l@msn.com,Female,197.110.178.163,United States
203,Sherwood,Pinor,spinor5m@wisc.edu,Male,114.228.137.230,China
204,Alverta,Farfolomeev,afarfolomeev5n@dion.ne.jp,Female,7.218.47.222,Philippines
205,Kessiah,Screase,kscrease5o@scribd.com,Female,26.207.72.143,Mongolia
206,Giulia,Bullier,gbullier5p@lulu.com,Female,182.215.164.197,Libya
207,Ronica,Marzella,rmarzella5q@jalbum.net,Female,232.246.75.18,Panama
208,Diarmid,Salliss,dsalliss5r@digg.com,Male,170.213.143.128,Japan
209,Adriena,Bursell,abursell5s@blogspot.com,Female,15.85.8.148,Nigeria
210,Graeme,Kitman,gkitman5t@nsw.gov.au,Male,238.69.167.250,Malaysia
211,Marilin,Helin,mhelin5u@rediff.com,Female,172.176.15.238,China
212,Derril,Matches,dmatches5v@craigslist.org,Male,186.232.66.182,Zimbabwe
213,Roderigo,Gillings,rgillings5w@ucsd.edu,Male,239.184.148.60,Burkina Faso
214,De witt,Tolussi,dtolussi5x@unesco.org,Male,6.234.98.85,Mongolia
215,Sheffy,Zambonini,szambonini5y@drupal.org,Male,101.62.254.70,Indonesia
216,Bonita,Sale,bsale5z@a8.net,Female,94.123.97.144,Czech Republic
217,Tomas,Feldmesser,tfeldmesser60@bravesites.com,Male,79.255.192.20,China
218,Elvin,Grandham,egrandham61@fda.gov,Male,137.239.75.208,Philippines
219,Hernando,Dincey,hdincey62@earthlink.net,Male,82.21.134.115,China
220,Roddy,McGirr,rmcgirr63@yahoo.com,Male,16.9.38.144,Indonesia
221,Giacinta,Itzik,gitzik64@clickbank.net,Female,212.15.85.129,China
222,Garland,Aulsford,gaulsford65@parallels.com,Female,193.203.69.120,South Africa
223,Frank,Caras,fcaras66@taobao.com,Male,29.170.31.179,China
224,Griswold,Colisbe,gcolisbe67@senate.gov,Male,23.144.29.165,Jamaica
225,Waldo,Kuban,wkuban68@nyu.edu,Male,194.71.40.156,Poland
226,Graham,Franzman,gfranzman69@sohu.com,Male,224.207.255.89,Nigeria
227,Parker,Aleksic,paleksic6a@marketwatch.com,Male,250.68.80.244,Russia
228,Rhona,Snepp,rsnepp6b@netlog.com,Female,41.168.15.168,Mexico
229,Fredric,Antat,fantat6c@cbsnews.com,Male,238.54.178.29,China
230,Damon,Easterbrook,deasterbrook6d@dion.ne.jp,Male,199.159.247.224,Indonesia
231,Orlando,Yurocjhin,oyurocjhin6e@constantcontact.com,Male,25.111.7.165,South Korea
232,Helyn,Ropp,hropp6f@vkontakte.ru,Female,143.232.66.171,Indonesia
233,Ashton,Cherry,acherry6g@wordpress.org,Male,129.241.54.131,China
234,Frans,Pristnor,fpristnor6h@mlb.com,Male,68.43.252.9,Poland
235,Gar,Innwood,ginnwood6i@sphinn.com,Male,104.103.46.209,Poland
236,Shelagh,Schwaiger,sschwaiger6j@berkeley.edu,Female,102.107.19.253,Guatemala
237,Gregoor,Whiles,gwhiles6k@telegraph.co.uk,Male,34.209.91.150,China
238,Salome,Thorwarth,sthorwarth6l@fastcompany.com,Female,116.231.46.23,Malaysia
239,Lynnet,Blackstone,lblackstone6m@businesswire.com,Female,53.182.110.3,Tanzania
240,Evin,Dymocke,edymocke6n@mail.ru,Male,60.210.170.127,China
241,Maye,Confait,mconfait6o@uol.com.br,Female,200.14.134.117,Myanmar
242,Kayle,Michal,kmichal6p@webmd.com,Female,2.171.37.125,Brazil
243,Kissiah,Davidek,kdavidek6q@wikispaces.com,Female,23.141.212.69,Indonesia
244,Kacey,Belding,kbelding6r@cocolog-nifty.com,Female,245.18.187.39,China
245,Sloan,Gladdifh,sgladdifh6s@oaic.gov.au,Male,231.177.113.156,Argentina
246,Melicent,MacDonald,mmacdonald6t@studiopress.com,Female,247.60.211.179,Slovenia
247,Bobbie,Peirce,bpeirce6u@java.com,Female,18.100.174.224,Finland
248,Ulberto,Anetts,uanetts6v@gov.uk,Male,120.44.46.70,Serbia
249,Mariellen,Yurkevich,myurkevich6w@github.com,Female,167.52.254.77,Greece
250,Gordon,Wilcocks,gwilcocks6x@w3.org,Male,65.158.169.198,Iran
251,Eadith,Yashaev,eyashaev6y@bloomberg.com,Female,212.42.48.106,Latvia
252,Effie,Martini,emartini6z@telegraph.co.uk,Female,170.94.149.54,South Africa
253,Georgeta,Mackett,gmackett70@mozilla.org,Female,156.48.28.206,Sweden
254,Almira,Fluit,afluit71@jimdo.com,Female,216.252.139.106,China
255,Garrick,McCromley,gmccromley72@latimes.com,Male,33.155.32.53,China
256,Guthry,Primett,gprimett73@nymag.com,Male,85.123.42.180,China
257,Corty,Dainter,cdainter74@sbwire.com,Male,121.117.119.230,Argentina
258,Marina,Ogger,mogger75@ihg.com,Female,144.82.228.130,China
259,Kirby,Sainter,ksainter76@twitpic.com,Male,189.165.236.64,Russia
260,Laney,Baraclough,lbaraclough77@de.vu,Female,41.184.145.47,China
261,Valerie,Tripp,vtripp78@youku.com,Female,165.20.5.235,China
262,Gillie,Moan,gmoan79@psu.edu,Female,164.67.246.30,Philippines
263,Georgianna,Keywood,gkeywood7a@pbs.org,Female,140.23.185.216,Russia
264,Thorstein,Ferguson,tferguson7b@google.de,Male,155.227.131.149,Argentina
265,Hercule,Lesper,hlesper7c@oracle.com,Male,45.64.47.202,Brazil
266,Lorilee,Mayhew,lmayhew7d@nsw.gov.au,Female,145.194.253.10,South Africa
267,Kellie,Ellershaw,kellershaw7e@go.com,Female,51.95.75.189,China
268,Kleon,Halsall,khalsall7f@blinklist.com,Male,17.228.161.107,Peru
269,Jethro,Whifen,jwhifen7g@ucoz.com,Male,189.40.100.239,China
270,Alfons,Abbie,aabbie7h@google.ca,Male,186.228.91.130,China
271,Markus,Mattheeuw,mmattheeuw7i@auda.org.au,Male,90.56.66.134,Macedonia
272,Cyril,Schimmang,cschimmang7j@tiny.cc,Male,114.204.251.88,Norway
273,Junette,Allworthy,jallworthy7k@weibo.com,Female,0.127.63.141,Philippines
274,Corty,MacAllister,cmacallister7l@europa.eu,Male,30.150.188.168,Georgia
275,Merrel,Coleson,mcoleson7m@g.co,Male,144.245.106.196,Czech Republic
276,Terrence,Devall,tdevall7n@opera.com,Male,20.91.215.213,France
277,Emmott,Pouton,epouton7o@arstechnica.com,Male,165.166.110.198,Turkmenistan
278,Danell,Mulholland,dmulholland7p@sun.com,Female,126.164.190.55,Indonesia
279,Sandro,O'Moylane,somoylane7q@joomla.org,Male,221.244.150.139,Indonesia
280,Dione,Mackieson,dmackieson7r@printfriendly.com,Female,44.107.29.64,China
281,Brendin,Myrkus,bmyrkus7s@bloglovin.com,Male,122.209.70.126,Luxembourg
282,Catarina,Grigg,cgrigg7t@ovh.net,Female,45.60.127.25,Thailand
283,Orsola,Attree,oattree7u@ezinearticles.com,Female,48.0.211.129,China
284,Claudio,Remon,cremon7v@t.co,Male,13.92.118.17,Russia
285,Gizela,Swindon,gswindon7w@mtv.com,Female,39.235.178.6,Czech Republic
286,Cob,Postance,cpostance7x@blog.com,Male,210.102.204.142,Brazil
287,Janie,Exposito,jexposito7y@topsy.com,Female,24.251.46.147,Ethiopia
288,Bridgette,Passey,bpassey7z@feedburner.com,Female,150.227.213.141,Cambodia
289,John,Josephi,jjosephi80@bloglines.com,Male,89.235.244.236,Poland
290,Konrad,Benoit,kbenoit81@disqus.com,Male,232.244.191.11,China
291,Edyth,Giacomo,egiacomo82@nsw.gov.au,Female,51.140.47.34,China
292,Cullen,Leblanc,cleblanc83@nydailynews.com,Male,178.255.24.83,South Africa
293,Alix,Crang,acrang84@joomla.org,Male,161.82.243.233,China
294,Arturo,Shulver,ashulver85@gizmodo.com,Male,193.159.67.71,Japan
295,Arin,Lots,alots86@dailymotion.com,Male,89.206.187.114,China
296,Edithe,Linnit,elinnit87@photobucket.com,Female,222.53.230.122,Uganda
297,Susan,Gocher,sgocher88@ihg.com,Female,183.178.125.220,China
298,Kent,Chang,kchang89@paginegialle.it,Male,192.16.112.103,China
299,Guillema,Biaggi,gbiaggi8a@kickstarter.com,Female,102.88.12.29,North Korea
300,Tara,Joubert,tjoubert8b@tmall.com,Female,133.182.203.166,China
301,Say,Saben,ssaben8c@about.com,Male,238.12.124.182,Pakistan
302,Josephine,Berrow,jberrow8d@senate.gov,Female,205.133.187.65,Indonesia
303,Cristiano,Beetles,cbeetles8e@google.fr,Male,47.127.52.14,Peru
304,Jan,Confait,jconfait8f@spiegel.de,Female,65.203.149.134,Spain
305,Prue,O'Neal,poneal8g@ucsd.edu,Female,203.250.74.72,Russia
306,Brigham,Barrasse,bbarrasse8h@examiner.com,Male,25.76.203.67,Poland
307,Paul,Rothman,prothman8i@telegraph.co.uk,Male,216.38.96.220,Mongolia
308,Noll,Frape,nfrape8j@oracle.com,Male,2.121.151.168,China
309,Jeniece,De Ruggero,jderuggero8k@cocolog-nifty.com,Female,46.158.22.126,Kenya
310,Cecily,Ebenezer,cebenezer8l@guardian.co.uk,Female,38.180.148.17,Russia
311,Rodney,Manuel,rmanuel8m@technorati.com,Male,228.42.13.142,China
312,Lydia,Thomkins,lthomkins8n@eepurl.com,Female,191.74.64.182,United States
313,Blondelle,Feak,bfeak8o@imgur.com,Female,236.6.41.26,Tanzania
314,Ardisj,Mylchreest,amylchreest8p@unblog.fr,Female,89.168.184.164,Bulgaria
315,Rebe,Alliban,ralliban8q@marketwatch.com,Female,152.126.116.76,China
316,Clarissa,Ratchford,cratchford8r@yandex.ru,Female,40.45.238.131,Sweden
317,Maryanne,Keijser,mkeijser8s@mlb.com,Female,109.135.5.96,Syria
318,Ingar,Verbrugge,iverbrugge8t@themeforest.net,Male,0.46.126.37,China
319,Nariko,Sharkey,nsharkey8u@blogspot.com,Female,188.0.180.100,China
320,Sergent,Cockren,scockren8v@youtube.com,Male,180.74.212.223,Israel
321,Renard,Winterscale,rwinterscale8w@narod.ru,Male,73.105.190.87,Philippines
322,Ddene,Borth,dborth8x@cam.ac.uk,Female,202.201.248.108,Papua New Guinea
323,Edouard,Rosenqvist,erosenqvist8y@arizona.edu,Male,137.71.210.195,Peru
324,Alva,Cary,acary8z@wikimedia.org,Male,66.152.189.89,Thailand
325,Legra,Grievson,lgrievson90@cargocollective.com,Female,47.62.194.47,China
326,Ryley,Lant,rlant91@geocities.jp,Male,4.143.166.39,China
327,Willy,Silberschatz,wsilberschatz92@rediff.com,Male,176.59.173.112,Sweden
328,Jasun,Sigmund,jsigmund93@rakuten.co.jp,Male,69.21.48.147,China
329,Lisha,Ross,lross94@mayoclinic.com,Female,161.65.25.140,Poland
330,Mathian,Mirralls,mmirralls95@goo.gl,Male,49.179.209.43,Philippines
331,Talbert,Extal,textal96@digg.com,Male,68.136.136.221,Haiti
332,Ambros,Bringloe,abringloe97@shinystat.com,Male,78.39.218.208,Indonesia
333,Blayne,Dwelling,bdwelling98@earthlink.net,Male,172.82.161.116,Poland
334,Kyla,Rudiger,krudiger99@about.com,Female,181.20.49.112,Equatorial Guinea
335,Oran,Morsey,omorsey9a@nsw.gov.au,Male,82.62.41.15,Indonesia
336,Fianna,Lefeaver,flefeaver9b@upenn.edu,Female,171.62.23.177,Ireland
337,Russell,Bagott,rbagott9c@sourceforge.net,Male,190.252.16.107,Iran
338,Del,Meegin,dmeegin9d@wiley.com,Male,144.244.135.232,France
339,Nara,Girardi,ngirardi9e@wiley.com,Female,189.212.175.211,Greece
340,Berny,Ranyell,branyell9f@diigo.com,Female,75.37.233.19,China
341,Barnabas,Fullerlove,bfullerlove9g@constantcontact.com,Male,7.129.197.81,Portugal
342,Shanan,Gerrets,sgerrets9h@multiply.com,Male,129.139.215.230,Argentina
343,Brandi,Darlington,bdarlington9i@ed.gov,Female,109.152.176.112,Poland
344,Errick,Joska,ejoska9j@mapquest.com,Male,44.114.28.154,China
345,Leonora,Englishby,lenglishby9k@edublogs.org,Female,145.140.243.232,Brazil
346,Joseito,de Najera,jdenajera9l@discovery.com,Male,14.52.195.175,Indonesia
347,Neall,McGenis,nmcgenis9m@patch.com,Male,218.34.166.189,Morocco
348,Wilek,Blake,wblake9n@msn.com,Male,139.194.251.24,Honduras
349,Sergio,Colloby,scolloby9o@networksolutions.com,Male,133.62.225.184,Indonesia
350,Randolph,Devons,rdevons9p@rakuten.co.jp,Male,188.105.63.199,Mexico
351,Shelby,Ogglebie,sogglebie9q@discovery.com,Male,139.185.78.29,China
352,Andy,Youtead,ayoutead9r@printfriendly.com,Female,36.68.77.246,Peru
353,Tallie,Coates,tcoates9s@miitbeian.gov.cn,Female,68.61.171.56,Indonesia
354,Donall,Oseman,doseman9t@bigcartel.com,Male,24.194.213.112,Russia
355,Dulcea,Crinson,dcrinson9u@phoca.cz,Female,243.183.21.204,China
356,Cecilio,Willingale,cwillingale9v@multiply.com,Male,182.37.32.147,France
357,Nanni,Saffle,nsaffle9w@biglobe.ne.jp,Female,85.254.16.43,Estonia
358,Frannie,Greedy,fgreedy9x@youtube.com,Female,86.158.220.115,Philippines
359,Sydel,Matijasevic,smatijasevic9y@mail.ru,Female,71.164.22.250,China
360,Elroy,Akker,eakker9z@examiner.com,Male,71.222.88.41,Colombia
361,Ginny,Lownes,glownesa0@economist.com,Female,107.139.157.54,China
362,Aretha,Meneer,ameneera1@ucoz.ru,Female,252.101.108.118,Marshall Islands
363,Brigit,Robyns,brobynsa2@utexas.edu,Female,246.85.37.78,Ukraine
364,Hallsy,Gideon,hgideona3@archive.org,Male,38.92.232.246,Brazil
365,Arline,Speerman,aspeermana4@quantcast.com,Female,206.58.118.57,France
366,Dorella,Shufflebotham,dshufflebothama5@boston.com,Female,42.76.202.3,China
367,Spense,Heathwood,sheathwooda6@accuweather.com,Male,34.106.220.207,China
368,Sky,Ottewill,sottewilla7@ehow.com,Male,37.9.207.185,China
369,Olivier,Gimeno,ogimenoa8@surveymonkey.com,Male,83.122.108.47,Thailand
370,Marj,Hillatt,mhillatta9@blogspot.com,Female,121.169.115.129,Russia
371,Kittie,Nobles,knoblesaa@smugmug.com,Female,46.104.192.13,Russia
372,Matthew,Gruszka,mgruszkaab@seattletimes.com,Male,183.11.125.40,Guyana
373,Hanny,Rubrow,hrubrowac@quantcast.com,Female,100.158.169.34,Japan
374,Sheryl,McAw,smcawad@youtube.com,Female,86.148.57.89,Oman
375,Eartha,Muck,emuckae@abc.net.au,Female,16.234.56.183,China
376,Minta,McAleese,mmcaleeseaf@chronoengine.com,Female,237.220.118.234,Argentina
377,Dyna,Twydell,dtwydellag@creativecommons.org,Female,164.218.168.180,China
378,Perry,Cleaver,pcleaverah@mit.edu,Female,83.34.161.228,Colombia
379,Phedra,Harwood,pharwoodai@hibu.com,Female,174.210.223.77,China
380,Aguste,Crosetto,acrosettoaj@xrea.com,Male,199.236.10.60,China
381,Vally,Overal,voveralak@goo.gl,Female,94.73.140.22,Guatemala
382,Lizzie,Marrow,lmarrowal@fema.gov,Female,99.189.85.16,China
383,Lacey,Dorkin,ldorkinam@blinklist.com,Female,196.8.87.239,China
384,Nigel,Rablin,nrablinan@quantcast.com,Male,15.17.93.84,China
385,Josie,Fuentez,jfuentezao@weather.com,Female,85.137.202.173,China
386,Modesty,Wettern,mwetternap@howstuffworks.com,Female,2.160.178.161,Indonesia
387,Tammy,Tampling,ttamplingaq@auda.org.au,Male,34.239.58.249,Thailand
388,Bren,MacCosto,bmaccostoar@shutterfly.com,Male,68.207.196.248,Argentina
389,Shayla,Jewster,sjewsteras@cornell.edu,Female,29.86.11.20,Mongolia
390,Allyson,Tierny,atiernyat@wunderground.com,Female,80.159.61.101,Macedonia
391,Patience,Tavener,ptavenerau@nbcnews.com,Female,91.230.43.100,Ireland
392,Bat,Klimochkin,bklimochkinav@usnews.com,Male,2.23.75.252,Honduras
393,Ransom,Tregoning,rtregoningaw@pcworld.com,Male,63.135.183.20,China
394,Winston,O'Meara,womearaax@redcross.org,Male,29.203.106.55,Indonesia
395,Beilul,McKomb,bmckombay@uiuc.edu,Female,131.0.118.162,United States
396,Mario,Marke,mmarkeaz@ca.gov,Male,48.14.195.5,China
397,Bobina,Glanister,bglanisterb0@alibaba.com,Female,90.42.245.60,China
398,Erhart,Heims,eheimsb1@weebly.com,Male,251.229.160.212,Albania
399,Jerrome,Beattie,jbeattieb2@goo.ne.jp,Male,120.129.64.139,Vietnam
400,Gerrie,Thurnham,gthurnhamb3@ifeng.com,Male,246.169.133.165,United States
401,Lizzie,Cootes,lcootesb4@mlb.com,Female,21.92.166.122,Nigeria
402,Rufus,Gerardin,rgerardinb5@toplist.cz,Male,174.223.111.179,Peru
403,Filip,Curnok,fcurnokb6@php.net,Male,32.11.173.26,Mexico
404,Bernette,Drennan,bdrennanb7@cornell.edu,Female,147.0.215.185,Ukraine
405,Sara,Skillitt,sskillittb8@ihg.com,Female,175.61.95.41,Ecuador
406,Karena,Ashton,kashtonb9@cornell.edu,Female,215.204.176.225,South Korea
407,Gwynne,Coleyshaw,gcoleyshawba@people.com.cn,Female,219.188.224.200,Chile
408,Sandra,Zywicki,szywickibb@a8.net,Female,202.111.51.226,United States
409,Allister,Ceci,acecibc@dagondesign.com,Male,207.28.70.40,Chile
410,Nicolina,Keslake,nkeslakebd@netscape.com,Female,55.72.232.248,Nigeria
411,Benn,Dmitrievski,bdmitrievskibe@ucoz.com,Male,235.225.202.12,Russia
412,Toddy,McGrady,tmcgradybf@java.com,Male,45.55.13.93,United States
413,Dar,Klimkovich,dklimkovichbg@cpanel.net,Male,220.1.233.117,China
414,Engracia,Stickells,estickellsbh@drupal.org,Female,207.247.240.193,Russia
415,Brittne,Bellhouse,bbellhousebi@scientificamerican.com,Female,50.186.113.54,United States
416,Nessi,Good,ngoodbj@cmu.edu,Female,197.27.135.33,Pakistan
417,Margette,Muglestone,mmuglestonebk@ebay.co.uk,Female,205.86.233.19,Philippines
418,Addia,Giovannacci,agiovannaccibl@wikia.com,Female,222.235.105.102,Venezuela
419,Thain,Ganiclef,tganiclefbm@soundcloud.com,Male,188.180.57.163,Uganda
420,Romy,Tippings,rtippingsbn@ifeng.com,Female,224.220.7.94,China
421,Ryon,Stanlike,rstanlikebo@altervista.org,Male,245.233.71.155,Indonesia
422,Fons,Alejandro,falejandrobp@msn.com,Male,78.40.81.65,Nigeria
423,Althea,Bown,abownbq@spotify.com,Female,94.112.133.199,Philippines
424,Eugenie,Harefoot,eharefootbr@baidu.com,Female,251.85.77.70,Czech Republic
425,Hazel,Arden,hardenbs@ox.ac.uk,Female,149.32.212.144,Botswana
426,Mortie,Orton,mortonbt@php.net,Male,150.48.180.214,Russia
427,Dani,Scarsbrooke,dscarsbrookebu@rakuten.co.jp,Female,120.82.203.231,China
428,Carie,Marler,cmarlerbv@jalbum.net,Female,95.135.189.111,Philippines
429,Darcy,Balden,dbaldenbw@google.it,Male,5.24.83.221,Portugal
430,Glendon,Creus,gcreusbx@canalblog.com,Male,33.250.29.171,Finland
431,Rosaleen,Ferrini,rferriniby@accuweather.com,Female,139.33.135.231,Russia
432,Ferne,Duiguid,fduiguidbz@blog.com,Female,32.45.119.182,Japan
433,Clarence,McGragh,cmcgraghc0@upenn.edu,Male,138.3.135.108,China
434,Tonye,O'Hanlon,tohanlonc1@fc2.com,Female,124.153.136.40,Indonesia
435,Bartolemo,Wardhough,bwardhoughc2@hibu.com,Male,252.34.83.210,Croatia
436,Julienne,Pailin,jpailinc3@weather.com,Female,254.6.37.8,China
437,Grove,Gordon-Giles,ggordongilesc4@typepad.com,Male,100.216.152.217,China
438,Ax,Bodiam,abodiamc5@foxnews.com,Male,14.75.85.145,Poland
439,Hildagarde,Matthis,hmatthisc6@qq.com,Female,95.42.171.50,China
440,Linnell,Pagett,lpagettc7@chicagotribune.com,Female,90.244.242.199,Canada
441,Merwyn,Lillecrap,mlillecrapc8@g.co,Male,123.15.77.27,Sweden
442,Bevin,Surmeyer,bsurmeyerc9@tamu.edu,Male,238.235.108.108,Russia
443,Slade,McBrearty,smcbreartyca@psu.edu,Male,78.50.142.17,Honduras
444,Isaiah,Sancroft,isancroftcb@marriott.com,Male,236.55.170.33,United States
445,Oliy,Dunthorn,odunthorncc@nature.com,Female,90.77.235.80,France
446,Kendal,Goff,kgoffcd@weibo.com,Male,46.159.162.196,Zimbabwe
447,Meir,Shemmans,mshemmansce@europa.eu,Male,190.251.90.178,Peru
448,Mike,Vignal,mvignalcf@addtoany.com,Male,251.58.50.3,Japan
449,Adrian,Morfey,amorfeycg@cafepress.com,Male,138.184.48.15,France
450,Sara,Oldis,soldisch@census.gov,Female,231.229.99.60,Poland
451,Rochester,Mawman,rmawmanci@symantec.com,Male,207.56.68.102,France
452,Bertina,Balston,bbalstoncj@bloglines.com,Female,239.90.248.151,Indonesia
453,Inglis,Capon,icaponck@twitter.com,Male,224.123.149.209,China
454,Kendrick,Whittuck,kwhittuckcl@qq.com,Male,84.236.238.163,Namibia
455,Olva,Hamlen,ohamlencm@wordpress.org,Female,67.19.197.158,Poland
456,Towney,Snead,tsneadcn@imageshack.us,Male,100.96.25.47,China
457,Brady,Pattillo,bpattilloco@bluehost.com,Male,152.126.36.84,El Salvador
458,Ewen,Moden,emodencp@moonfruit.com,Male,200.19.184.155,Peru
459,Emmy,McDell,emcdellcq@shinystat.com,Female,253.184.238.90,Nepal
460,Cynthea,Yakubovich,cyakubovichcr@sogou.com,Female,79.244.160.98,Ukraine
461,Lanae,Bastian,lbastiancs@miitbeian.gov.cn,Female,86.254.71.251,China
462,Ronica,Bampford,rbampfordct@usatoday.com,Female,182.121.109.193,China
463,Chrystel,Whitington,cwhitingtoncu@fastcompany.com,Female,219.89.90.149,Morocco
464,Farand,Tumasian,ftumasiancv@istockphoto.com,Female,157.240.236.135,China
465,Jasen,Cawcutt,jcawcuttcw@globo.com,Male,145.45.162.218,China
466,Ranice,Driver,rdrivercx@blogspot.com,Female,81.102.148.17,Russia
467,Tedi,Washbrook,twashbrookcy@squidoo.com,Female,135.115.235.42,China
468,Leanna,Matthiae,lmatthiaecz@drupal.org,Female,131.178.50.18,China
469,Sharyl,Riply,sriplyd0@slate.com,Female,233.14.161.246,Albania
470,Moore,Deabill,mdeabilld1@google.it,Male,102.212.139.30,France
471,Delano,Lightollers,dlightollersd2@deliciousdays.com,Male,11.24.247.247,Nigeria
472,Marmaduke,Attawell,mattawelld3@psu.edu,Male,29.116.207.24,Portugal
473,Mindy,Mustin,mmustind4@netscape.com,Female,230.13.51.144,China
474,Jessalyn,Fullalove,jfullaloved5@rambler.ru,Female,215.192.54.197,Uganda
475,Raffaello,Affuso,raffusod6@virginia.edu,Male,78.235.160.131,Indonesia
476,Mata,Eastwell,meastwelld7@nature.com,Male,245.73.226.180,Indonesia
477,Humfried,Beresford,hberesfordd8@friendfeed.com,Male,209.252.49.14,Ukraine
478,Cosimo,Jakubiak,cjakubiakd9@booking.com,Male,136.119.104.214,Sweden
479,Levi,Spaight,lspaightda@bigcartel.com,Male,37.252.214.237,Indonesia
480,Elbert,Coats,ecoatsdb@squidoo.com,Male,119.140.194.0,Nigeria
481,Bartholomew,Beaulieu,bbeaulieudc@taobao.com,Male,167.81.182.146,Poland
482,Marya,McClenaghan,mmcclenaghandd@upenn.edu,Female,19.40.185.88,China
483,Merill,Have,mhavede@addtoany.com,Male,85.188.254.32,Greece
484,Alford,Churcher,achurcherdf@hugedomains.com,Male,52.90.75.0,China
485,Elias,Joly,ejolydg@shop-pro.jp,Male,165.231.26.8,China
486,Delmore,Tucker,dtuckerdh@earthlink.net,Male,16.168.178.231,Russia
487,Pincas,Perschke,pperschkedi@shop-pro.jp,Male,77.54.34.115,China
488,Richardo,Trask,rtraskdj@jalbum.net,Male,94.73.40.179,Portugal
489,Nikki,Sustin,nsustindk@seesaa.net,Male,149.198.245.195,Yemen
490,Wilhelm,Bazylets,wbazyletsdl@hao123.com,Male,188.208.59.137,China
491,Maible,Chappel,mchappeldm@last.fm,Female,143.206.66.45,Poland
492,Jordana,Caldicott,jcaldicottdn@ezinearticles.com,Female,78.247.241.13,Russia
493,Jannelle,Jankin,jjankindo@shutterfly.com,Female,76.65.194.12,Brazil
494,Sam,Fitzjohn,sfitzjohndp@un.org,Male,215.216.27.230,France
495,Ronnie,Boon,rboondq@angelfire.com,Male,159.81.82.91,Canada
496,Cord,Lindgren,clindgrendr@360.cn,Male,208.43.35.6,China
497,Sayres,Juris,sjurisds@cisco.com,Male,147.215.110.230,Armenia
498,Wenonah,Antrobus,wantrobusdt@mediafire.com,Female,221.148.128.82,China
499,Jasen,Layborn,jlayborndu@homestead.com,Male,166.114.253.158,Czech Republic
500,Kipp,Leinthall,kleinthalldv@seesaa.net,Female,250.99.85.177,Honduras
501,Gayel,Pendrich,gpendrichdw@scribd.com,Female,52.168.37.65,Mauritius
502,Chip,Artin,cartindx@xinhuanet.com,Male,64.12.203.16,Poland
503,Nilson,Offord,nofforddy@cafepress.com,Male,63.188.70.148,Aland Islands
504,Terrell,Reece,treecedz@ameblo.jp,Male,135.74.28.44,Indonesia
505,Mar,Fedoronko,mfedoronkoe0@topsy.com,Male,238.83.203.91,Poland
506,Dennison,Orgill,dorgille1@webeden.co.uk,Male,15.159.55.64,Japan
507,Ciel,Ranaghan,cranaghane2@time.com,Female,120.23.222.238,Ukraine
508,Minnaminnie,Shurman,mshurmane3@myspace.com,Female,77.171.51.156,Mexico
509,Maure,Tilzey,mtilzeye4@t-online.de,Female,70.248.103.157,Russia
510,Archibald,Ong,aonge5@theatlantic.com,Male,147.46.71.4,Czech Republic
511,Aland,Bergen,abergene6@china.com.cn,Male,126.84.232.133,China
512,Tedmund,Colten,tcoltene7@jiathis.com,Male,15.26.76.61,Bahrain
513,Carmella,Creamer,ccreamere8@github.io,Female,185.148.210.129,China
514,Lurette,Card,lcarde9@cdbaby.com,Female,236.165.140.178,Argentina
515,Rosina,Marcos,rmarcosea@usa.gov,Female,208.49.154.161,Greece
516,Marlin,Kippin,mkippineb@house.gov,Male,110.23.15.126,Indonesia
517,Garv,Endicott,gendicottec@weebly.com,Male,0.240.253.104,China
518,Walther,Ogles,woglesed@elpais.com,Male,233.94.114.174,Colombia
519,Lowe,Feveryear,lfeveryearee@mediafire.com,Male,242.224.200.254,Russia
520,Clemmy,Cheyenne,ccheyenneef@nationalgeographic.com,Female,209.146.28.83,United States
521,Julius,O'Hannigan,johanniganeg@army.mil,Male,130.28.17.77,China
522,Urbanus,Steanyng,usteanyngeh@gov.uk,Male,224.37.33.128,Indonesia
523,Radcliffe,Schollick,rschollickei@craigslist.org,Male,148.132.204.147,Madagascar
524,Napoleon,Dabinett,ndabinettej@cisco.com,Male,120.132.44.20,Malaysia
525,Kelci,Sowle,ksowleek@yellowbook.com,Female,8.235.134.67,United States
526,Perry,Goublier,pgoublierel@loc.gov,Male,245.86.28.54,Indonesia
527,Rollin,Leverich,rleverichem@icio.us,Male,69.115.49.136,Lebanon
528,Stanfield,Philliphs,sphilliphsen@reddit.com,Male,176.169.2.253,Malaysia
529,Lockwood,Haggerston,lhaggerstoneo@1688.com,Male,13.251.24.20,China
530,Molli,Manns,mmannsep@edublogs.org,Female,87.61.165.82,Indonesia
531,Christoph,Bazoche,cbazocheeq@blogspot.com,Male,82.172.191.39,China
532,Marya,Ethersey,metherseyer@fc2.com,Female,221.90.206.121,China
533,Kaleb,Bazoche,kbazochees@w3.org,Male,45.90.178.4,Portugal
534,Fernandina,Moncrefe,fmoncrefeet@cargocollective.com,Female,227.58.4.45,Philippines
535,Kippar,Zettler,kzettlereu@examiner.com,Male,180.158.217.153,Philippines
536,Eda,Knoble,eknobleev@sohu.com,Female,221.163.53.133,Serbia
537,Alleen,Sarfas,asarfasew@aol.com,Female,203.173.246.211,Nepal
538,Zsazsa,Hebditch,zhebditchex@va.gov,Female,152.91.227.183,China
539,Benny,Albasini,balbasiniey@g.co,Female,13.120.96.62,Dominican Republic
540,Arabel,Warrener,awarrenerez@samsung.com,Female,86.241.149.235,China
541,Marget,Bullough,mbulloughf0@cyberchimps.com,Female,48.164.215.251,China
542,Morena,Bickerdyke,mbickerdykef1@hibu.com,Female,161.225.27.118,Guam
543,Llywellyn,Mewitt,lmewittf2@guardian.co.uk,Male,83.37.233.255,Brazil
544,Vanda,Gillbard,vgillbardf3@washingtonpost.com,Female,187.238.84.251,Israel
545,Kevin,Randles,krandlesf4@npr.org,Male,59.34.249.144,China
546,Jude,Symson,jsymsonf5@usa.gov,Male,13.184.206.146,China
547,Gabriellia,Husselbee,ghusselbeef6@privacy.gov.au,Female,87.125.159.132,Indonesia
548,Ninetta,Kirwan,nkirwanf7@nih.gov,Female,58.3.151.17,China
549,Barret,Phuprate,bphupratef8@google.cn,Male,105.179.44.156,Slovenia
550,Gavrielle,Cheetam,gcheetamf9@google.co.uk,Female,88.205.100.73,Colombia
551,Ailbert,Gergus,agergusfa@unblog.fr,Male,248.141.174.56,China
552,Valentijn,Coombes,vcoombesfb@bigcartel.com,Male,145.96.28.85,Poland
553,Ewen,Twelve,etwelvefc@ycombinator.com,Male,42.20.99.15,Colombia
554,Erich,Robardet,erobardetfd@ucla.edu,Male,47.27.244.151,Brazil
555,Tammy,Wodeland,twodelandfe@bravesites.com,Male,186.10.40.135,Greece
556,Starlin,Sherston,ssherstonff@redcross.org,Female,209.157.145.140,China
557,Aurel,Hourihane,ahourihanefg@deviantart.com,Female,251.239.36.87,Argentina
558,Ilka,Mayes,imayesfh@hostgator.com,Female,136.182.165.74,China
559,Nomi,Soden,nsodenfi@de.vu,Female,6.215.143.152,Georgia
560,Phineas,Matton,pmattonfj@theglobeandmail.com,Male,138.165.100.79,Philippines
561,Patsy,Hollingsbee,phollingsbeefk@cargocollective.com,Female,222.31.4.230,Madagascar
562,Gwenette,Oseman,gosemanfl@networksolutions.com,Female,168.98.1.192,Iraq
563,Milzie,Diack,mdiackfm@shutterfly.com,Female,128.55.82.3,Chad
564,Gladys,Gilbeart,ggilbeartfn@google.co.uk,Female,133.201.176.219,China
565,Leanna,Kirrage,lkirragefo@baidu.com,Female,33.174.45.248,Indonesia
566,Mozelle,Chancelier,mchancelierfp@amazon.com,Female,2.8.26.107,Argentina
567,Dwayne,Barron,dbarronfq@arstechnica.com,Male,193.135.24.173,China
568,Averil,Mougel,amougelfr@shop-pro.jp,Female,116.225.63.58,Guatemala
569,Gill,Reinhardt,greinhardtfs@stumbleupon.com,Male,85.85.240.40,China
570,Drud,Goodhand,dgoodhandft@chicagotribune.com,Male,152.95.6.7,Indonesia
571,Arnaldo,Cockett,acockettfu@google.de,Male,106.248.9.98,Brazil
572,Katuscha,Caplan,kcaplanfv@networkadvertising.org,Female,180.21.8.242,Bangladesh
573,Hilliard,Gammack,hgammackfw@symantec.com,Male,4.158.86.98,China
574,Eustacia,Newcombe,enewcombefx@hexun.com,Female,3.251.97.126,China
575,Linell,Daile,ldailefy@sohu.com,Female,4.252.170.168,China
576,Price,Clopton,pcloptonfz@xinhuanet.com,Male,10.154.212.122,Nigeria
577,Rahal,Stollenbecker,rstollenbeckerg0@skype.com,Female,87.152.109.126,Canada
578,Giffie,Linn,glinng1@ebay.com,Male,188.27.28.206,Myanmar
579,Annamaria,Derdes,aderdesg2@soup.io,Female,220.78.54.152,Peru
580,Manda,MacNish,mmacnishg3@dot.gov,Female,140.166.105.243,Indonesia
581,Jerrome,Labrenz,jlabrenzg4@theguardian.com,Male,189.11.93.224,Russia
582,Henrik,Beaze,hbeazeg5@sakura.ne.jp,Male,39.161.174.232,Sweden
583,Hillery,Double,hdoubleg6@zdnet.com,Male,184.54.213.114,Indonesia
584,Herc,Gowrie,hgowrieg7@adobe.com,Male,125.16.78.148,Portugal
585,Hagen,Lovett,hlovettg8@boston.com,Male,77.23.117.77,East Timor
586,Tirrell,Keri,tkerig9@usnews.com,Male,237.55.188.94,China
587,Agnella,Bonde,abondega@fc2.com,Female,180.139.135.178,Philippines
588,Hervey,Gepheart,hgepheartgb@deliciousdays.com,Male,170.73.7.181,Poland
589,Corena,Pusill,cpusillgc@chronoengine.com,Female,182.53.163.45,Russia
590,Idalia,Hultberg,ihultberggd@admin.ch,Female,77.76.217.30,China
591,Brigitta,Wastell,bwastellge@so-net.ne.jp,Female,124.118.228.208,China
592,Rustin,Chedzoy,rchedzoygf@house.gov,Male,217.223.37.95,Russia
593,Vannie,Meneghi,vmeneghigg@ycombinator.com,Female,175.36.183.250,Japan
594,Delphine,Foister,dfoistergh@harvard.edu,Female,145.172.66.38,China
595,Lamar,Twelves,ltwelvesgi@auda.org.au,Male,140.41.142.34,China
596,Pegeen,Dufour,pdufourgj@cam.ac.uk,Female,195.244.41.127,Norway
597,Gavra,Towersey,gtowerseygk@blinklist.com,Female,164.67.137.141,Philippines
598,Gordy,Ebunoluwa,gebunoluwagl@hubpages.com,Male,13.181.89.57,Thailand
599,Bronny,Mance,bmancegm@elegantthemes.com,Male,95.156.138.83,United States
600,Jozef,Sayers,jsayersgn@webs.com,Male,244.2.92.90,Canada
601,Hy,Murrhardt,hmurrhardtgo@creativecommons.org,Male,251.109.222.14,Japan
602,Brigitta,Doumerc,bdoumercgp@wsj.com,Female,196.235.148.169,France
603,Rand,Fitzroy,rfitzroygq@cisco.com,Male,237.141.19.221,Poland
604,Theodosia,Ackrill,tackrillgr@cam.ac.uk,Female,0.72.130.252,Portugal
605,Abram,Napleton,anapletongs@nifty.com,Male,13.119.52.179,Portugal
606,Ursulina,Alejo,ualejogt@wikia.com,Female,86.56.64.71,Venezuela
607,Glenden,Cawthera,gcawtheragu@weibo.com,Male,7.65.117.12,Philippines
608,Janey,Beverage,jbeveragegv@theatlantic.com,Female,196.113.190.176,Republic of the Congo
609,Jasmine,Pharo,jpharogw@smh.com.au,Female,221.204.157.14,France
610,Portie,Bowdrey,pbowdreygx@about.com,Male,171.46.58.244,Indonesia
611,Ringo,Candlin,rcandlingy@mysql.com,Male,131.202.207.210,Afghanistan
612,Mervin,Toor,mtoorgz@rambler.ru,Male,194.243.130.22,Indonesia
613,Tomaso,Matias,tmatiash0@nasa.gov,Male,134.102.183.136,Saudi Arabia
614,Bliss,Flade,bfladeh1@netscape.com,Female,115.91.162.122,Thailand
615,Franklyn,Andreutti,fandreuttih2@bloglovin.com,Male,199.121.189.200,Indonesia
616,Reagan,Conman,rconmanh3@alexa.com,Male,109.101.109.81,Indonesia
617,Cordy,Newbury,cnewburyh4@de.vu,Female,98.153.175.46,Norway
618,Emilia,Braysher,ebraysherh5@newyorker.com,Female,170.229.236.133,Thailand
619,Skylar,Epgrave,sepgraveh6@phoca.cz,Male,119.208.26.168,Poland
620,Fleur,Cummungs,fcummungsh7@goo.ne.jp,Female,45.124.15.187,Syria
621,Tome,Gervaise,tgervaiseh8@nydailynews.com,Male,216.248.205.233,Paraguay
622,Ag,Northeast,anortheasth9@theguardian.com,Female,51.41.113.55,Indonesia
623,Arron,Defraine,adefraineha@slideshare.net,Male,26.68.108.240,Portugal
624,Yasmeen,Jeafferson,yjeaffersonhb@wsj.com,Female,27.171.102.177,China
625,Augusto,Dugald,adugaldhc@over-blog.com,Male,210.80.123.156,Indonesia
626,Ilise,Stutte,istuttehd@google.com.br,Female,216.57.8.24,United States
627,Leontine,Burbank,lburbankhe@cpanel.net,Female,36.202.203.163,Brazil
628,Ruperto,Weymont,rweymonthf@buzzfeed.com,Male,58.138.105.238,Indonesia
629,Blisse,Musslewhite,bmusslewhitehg@yolasite.com,Female,241.107.15.190,Ireland
630,Ruttger,Kirwin,rkirwinhh@census.gov,Male,163.39.234.32,China
631,Archibald,Basso,abassohi@twitpic.com,Male,219.47.253.149,Czech Republic
632,Tod,Cawsy,tcawsyhj@g.co,Male,160.144.1.108,Indonesia
633,Therese,Whordley,twhordleyhk@fastcompany.com,Female,139.102.84.220,Syria
634,Bronnie,Brine,bbrinehl@scribd.com,Male,253.190.70.34,Syria
635,Sibelle,Gordon,sgordonhm@plala.or.jp,Female,79.134.18.194,China
636,Sherwood,Kornacki,skornackihn@unc.edu,Male,202.45.135.14,United States
637,Di,Mathias,dmathiasho@sphinn.com,Female,235.130.188.52,China
638,Corny,Antonomolii,cantonomoliihp@wikispaces.com,Male,98.32.228.124,Thailand
639,Hasheem,Bortoletti,hbortolettihq@dyndns.org,Male,109.204.148.10,Argentina
640,Caspar,Morphey,cmorpheyhr@constantcontact.com,Male,33.135.201.67,Sri Lanka
641,Lynnett,Michell,lmichellhs@phpbb.com,Female,89.164.178.1,China
642,Tedi,Martyntsev,tmartyntsevht@spotify.com,Female,74.203.59.239,France
643,Rosmunda,Flaxman,rflaxmanhu@sitemeter.com,Female,246.48.149.70,Ireland
644,Lindsey,Eldrid,leldridhv@soup.io,Male,230.119.228.122,South Africa
645,Corabel,Bowich,cbowichhw@wired.com,Female,21.137.8.68,Poland
646,Eleni,Raddan,eraddanhx@dion.ne.jp,Female,127.47.155.246,Russia
647,Phylys,Blodgetts,pblodgettshy@prlog.org,Female,186.237.99.244,Philippines
648,Hyacinthia,Phelipeaux,hphelipeauxhz@nasa.gov,Female,104.223.9.84,Colombia
649,Ellie,Hyndley,ehyndleyi0@mayoclinic.com,Female,78.186.74.35,Japan
650,Doreen,Ledingham,dledinghami1@dailymail.co.uk,Female,248.197.241.30,Brazil
651,Bird,Bierton,bbiertoni2@usa.gov,Female,184.169.130.103,Slovenia
652,Morgen,Cloney,mcloneyi3@twitter.com,Female,254.239.42.247,Brazil
653,Tucky,Debling,tdeblingi4@nifty.com,Male,85.137.161.34,Norway
654,Harrietta,Bothen,hbotheni5@umn.edu,Female,135.13.181.7,China
655,Bowie,Gedge,bgedgei6@marketwatch.com,Male,192.121.146.117,Philippines
656,Rab,Devas,rdevasi7@wired.com,Male,22.245.138.114,Peru
657,Linnie,Robeiro,lrobeiroi8@example.com,Female,79.35.175.164,China
658,Iseabal,Revington,irevingtoni9@chron.com,Female,216.30.228.39,Russia
659,Kalli,Varty,kvartyia@oracle.com,Female,1.223.183.251,Czech Republic
660,Florian,Ludy,fludyib@ovh.net,Male,26.134.85.91,Portugal
661,Irwinn,Demschke,idemschkeic@tinypic.com,Male,201.175.138.23,Colombia
662,Kermie,Chuck,kchuckid@redcross.org,Male,58.32.47.119,South Africa
663,Xylina,Ellar,xellarie@about.me,Female,149.84.14.29,China
664,Maury,Korda,mkordaif@ted.com,Male,64.187.221.11,Jordan
665,Gale,Weems,gweemsig@go.com,Female,35.80.86.148,Cameroon
666,Jammal,Korba,jkorbaih@goodreads.com,Male,78.226.184.62,Philippines
667,Ruperta,Bovingdon,rbovingdonii@opera.com,Female,4.128.219.35,Canada
668,Ingemar,Horsfield,ihorsfieldij@indiegogo.com,Male,125.224.19.44,Russia
669,Cullie,Tedridge,ctedridgeik@cocolog-nifty.com,Male,93.2.133.49,Indonesia
670,Jacki,Conerding,jconerdingil@meetup.com,Female,236.190.239.35,Maldives
671,Herc,Pilkinton,hpilkintonim@nsw.gov.au,Male,10.246.58.155,Cameroon
672,Eduino,Waleran,ewaleranin@linkedin.com,Male,152.38.104.146,Lithuania
673,Devonna,Catherall,dcatherallio@freewebs.com,Female,109.232.77.34,Colombia
674,Janaya,Hall-Gough,jhallgoughip@fotki.com,Female,37.59.170.38,Mexico
675,Ashbey,Gossan,agossaniq@vistaprint.com,Male,112.243.99.244,Israel
676,Field,Buey,fbueyir@hhs.gov,Male,1.166.68.148,Sweden
677,Augustus,Kunisch,akunischis@dedecms.com,Male,70.252.42.227,Indonesia
678,Giraldo,Shortcliffe,gshortcliffeit@blinklist.com,Male,155.58.34.120,Portugal
679,Marylee,Anfossi,manfossiiu@slideshare.net,Female,155.66.156.81,Cameroon
680,Maxie,Haddow,mhaddowiv@mayoclinic.com,Male,95.58.14.41,France
681,Corbett,Gladbeck,cgladbeckiw@census.gov,Male,254.170.222.22,China
682,Wally,Twinborough,wtwinboroughix@disqus.com,Male,180.225.51.159,Japan
683,Court,Hadcroft,chadcroftiy@uiuc.edu,Male,220.251.176.19,Indonesia
684,Padget,Ascrofte,pascrofteiz@google.com.au,Male,46.78.77.88,Norway
685,Lelah,Chart,lchartj0@amazon.de,Female,54.115.155.87,China
686,Hart,Andras,handrasj1@phoca.cz,Male,74.216.226.95,Honduras
687,Phaedra,Bonifas,pbonifasj2@wisc.edu,Female,68.195.9.19,Nigeria
688,Kally,Rudall,krudallj3@deliciousdays.com,Female,139.59.19.118,Laos
689,Anna,Critten,acrittenj4@boston.com,Female,241.141.3.13,Thailand
690,Hansiain,Rose,hrosej5@hc360.com,Male,245.135.17.156,China
691,Bennett,Blampy,bblampyj6@desdev.cn,Male,215.110.231.146,Portugal
692,Nert,Mish,nmishj7@ning.com,Female,78.1.59.190,China
693,Gav,Heersema,gheersemaj8@github.io,Male,143.172.186.12,Colombia
694,Cortie,Farlam,cfarlamj9@indiegogo.com,Male,196.148.107.69,Czech Republic
695,Aleece,Lambrook,alambrookja@topsy.com,Female,150.18.179.251,Poland
696,Charlena,Lightbowne,clightbownejb@trellian.com,Female,47.110.54.104,Greece
697,Guss,Bramwell,gbramwelljc@imageshack.us,Male,103.230.83.237,Philippines
698,Linn,Sarjant,lsarjantjd@timesonline.co.uk,Female,129.31.224.168,China
699,Morey,Niemetz,mniemetzje@army.mil,Male,186.6.96.60,Colombia
700,Maje,Place,mplacejf@auda.org.au,Male,183.59.18.189,Brazil
701,Annnora,Brussell,abrusselljg@de.vu,Female,138.88.0.240,Italy
702,Mabelle,Agates,magatesjh@businessinsider.com,Female,5.5.2.106,Malaysia
703,Ignacio,Ferrillio,iferrillioji@chron.com,Male,147.50.30.206,Canada
704,Trent,Boerderman,tboerdermanjj@patch.com,Male,192.141.102.57,Indonesia
705,Brody,Carlucci,bcarluccijk@answers.com,Male,205.25.6.164,Indonesia
706,Emmit,Cucuzza,ecucuzzajl@google.cn,Male,196.218.72.1,South Africa
707,Lorie,Woolstenholmes,lwoolstenholmesjm@yelp.com,Female,51.78.50.66,North Korea
708,Joice,Howman,jhowmanjn@odnoklassniki.ru,Female,185.101.238.88,Indonesia
709,Cecilio,Dewbury,cdewburyjo@weebly.com,Male,251.150.37.183,Kenya
710,Anthony,Boykett,aboykettjp@thetimes.co.uk,Male,194.32.248.40,Comoros
711,Godfrey,Karel,gkareljq@mit.edu,Male,162.136.12.180,Bolivia
712,Hebert,Cottell,hcottelljr@utexas.edu,Male,46.46.82.253,South Africa
713,Jay,Mintoft,jmintoftjs@google.com.au,Male,0.216.102.164,Sri Lanka
714,Penny,Wall,pwalljt@cbsnews.com,Female,238.56.82.178,Brazil
715,Andres,Lowe,aloweju@ucla.edu,Male,140.143.141.197,China
716,Shae,Kovelmann,skovelmannjv@oakley.com,Male,246.47.216.0,Greece
717,Margarita,Giscken,mgisckenjw@yandex.ru,Female,218.18.227.175,Japan
718,Demetra,Spurrior,dspurriorjx@wisc.edu,Female,254.245.124.48,China
719,Worthington,Pinckstone,wpinckstonejy@gizmodo.com,Male,40.211.170.196,China
720,Tedie,Scamadine,tscamadinejz@msn.com,Male,168.64.154.132,Paraguay
721,Cob,Hopfer,chopferk0@irs.gov,Male,224.54.232.72,Morocco
722,Caria,Robker,crobkerk1@imdb.com,Female,151.243.139.145,French Polynesia
723,Finlay,Cornwall,fcornwallk2@theglobeandmail.com,Male,31.213.218.166,Tanzania
724,Millisent,Charon,mcharonk3@xrea.com,Female,224.48.64.47,China
725,Donia,Lavens,dlavensk4@themeforest.net,Female,9.180.178.27,Palestinian Territory
726,Bobine,Redolfi,bredolfik5@fotki.com,Female,8.150.70.55,Peru
727,Randell,Styche,rstychek6@walmart.com,Male,95.134.176.160,Portugal
728,Leone,Hurlston,lhurlstonk7@census.gov,Female,234.146.154.209,China
729,Vick,Willavize,vwillavizek8@cyberchimps.com,Male,205.243.7.52,Angola
730,Anne-corinne,Lermouth,alermouthk9@altervista.org,Female,142.198.47.254,Nigeria
731,Viv,Ladon,vladonka@bravesites.com,Female,131.165.114.1,United States
732,Conant,Lomasney,clomasneykb@icio.us,Male,4.118.196.73,Sweden
733,Josefina,Corah,jcorahkc@who.int,Female,50.188.48.24,China
734,Fairfax,Wagen,fwagenkd@soundcloud.com,Male,198.184.8.146,Venezuela
735,Sapphira,Duckitt,sduckittke@imageshack.us,Female,150.191.162.177,China
736,Jewel,Martyns,jmartynskf@google.com.br,Female,232.80.95.177,China
737,Michel,Pinnere,mpinnerekg@tinypic.com,Male,114.189.120.211,Panama
738,Care,Spearing,cspearingkh@usa.gov,Male,201.42.234.85,Germany
739,Bernardo,Paddick,bpaddickki@diigo.com,Male,2.63.151.150,China
740,Kevina,Jacmar,kjacmarkj@virginia.edu,Female,190.102.7.107,Venezuela
741,Johann,Brewitt,jbrewittkk@webmd.com,Male,229.157.12.239,China
742,Wade,Fleetham,wfleethamkl@intel.com,Male,105.5.17.90,Sweden
743,Elisabet,Motte,emottekm@uol.com.br,Female,17.67.20.247,Afghanistan
744,Bria,Phinnessy,bphinnessykn@drupal.org,Female,215.196.44.233,Argentina
745,Sandro,Crate,scrateko@dyndns.org,Male,220.80.31.151,Czech Republic
746,Derby,Colledge,dcolledgekp@imageshack.us,Male,71.89.82.71,Thailand
747,Chet,Paice,cpaicekq@edublogs.org,Male,203.95.239.129,Indonesia
748,Phebe,Dunbobbin,pdunbobbinkr@freewebs.com,Female,224.194.21.218,Indonesia
749,Shandra,Burchatt,sburchattks@imageshack.us,Female,197.58.32.164,China
750,Leonanie,Beautyman,lbeautymankt@xrea.com,Female,36.154.191.243,Indonesia
751,Rodolph,Poel,rpoelku@people.com.cn,Male,151.232.208.202,China
752,Rriocard,Jeanon,rjeanonkv@mac.com,Male,235.2.11.113,China
753,Zeb,Ivetts,zivettskw@bizjournals.com,Male,89.232.9.126,United States
754,Charity,Crippell,ccrippellkx@jigsy.com,Female,7.43.225.157,Sweden
755,Prisca,Moryson,pmorysonky@clickbank.net,Female,88.34.13.107,Peru
756,Annamaria,Ambrogelli,aambrogellikz@moonfruit.com,Female,41.50.227.50,Paraguay
757,Augustine,Wilne,awilnel0@123-reg.co.uk,Male,82.131.50.234,Indonesia
758,Andre,Richardes,arichardesl1@google.es,Male,182.180.139.147,China
759,Corty,Spinks,cspinksl2@livejournal.com,Male,165.226.177.163,Guatemala
760,Ephraim,Collinwood,ecollinwoodl3@mayoclinic.com,Male,239.79.126.135,Morocco
761,Bing,Portchmouth,bportchmouthl4@google.ru,Male,74.165.17.15,Indonesia
762,Marve,Harse,mharsel5@businessweek.com,Male,219.114.102.61,Philippines
763,Drucill,Mullins,dmullinsl6@hhs.gov,Female,127.47.127.23,China
764,Shelli,Zoanetti,szoanettil7@prlog.org,Female,13.221.232.123,China
765,Chandal,O'Reagan,coreaganl8@google.cn,Female,28.217.187.185,Morocco
766,Roshelle,Guard,rguardl9@tamu.edu,Female,165.190.15.162,Japan
767,Kristoffer,Schoular,kschoularla@springer.com,Male,80.237.103.254,Albania
768,Cris,Sapsforde,csapsfordelb@cloudflare.com,Male,87.111.223.188,Syria
769,Gwenni,Easterbrook,geasterbrooklc@sakura.ne.jp,Female,67.84.39.188,Philippines
770,Jemima,Entres,jentresld@mashable.com,Female,49.141.28.19,China
771,Lenee,Rodda,lroddale@oracle.com,Female,224.132.3.95,Poland
772,Amanda,Willcox,awillcoxlf@zimbio.com,Female,10.118.100.169,Guatemala
773,Pepe,Patel,ppatellg@globo.com,Male,54.62.86.156,China
774,Cece,Gratten,cgrattenlh@youtube.com,Male,151.42.46.52,Mongolia
775,Hamil,Ocheltree,hocheltreeli@about.me,Male,253.184.240.98,China
776,Christie,Fannin,cfanninlj@opera.com,Female,164.117.161.157,Philippines
777,Milty,Dytham,mdythamlk@reverbnation.com,Male,222.242.61.201,China
778,Persis,Garlick,pgarlickll@mlb.com,Female,57.176.176.157,South Africa
779,Kenn,Emanson,kemansonlm@mozilla.org,Male,57.70.8.120,United States
780,Michal,Grigolli,mgrigolliln@slate.com,Male,160.129.138.125,Thailand
781,Libby,Graysmark,lgraysmarklo@printfriendly.com,Female,10.136.82.16,Peru
782,Gav,Deely,gdeelylp@nasa.gov,Male,91.211.9.15,Sweden
783,Isidore,Scobie,iscobielq@arizona.edu,Male,215.85.218.3,Malaysia
784,Egan,Isenor,eisenorlr@usda.gov,Male,116.237.88.146,Argentina
785,Salvador,Headington,sheadingtonls@imdb.com,Male,255.86.80.206,China
786,Randell,Sparrowhawk,rsparrowhawklt@newsvine.com,Male,38.143.75.142,Poland
787,Gene,Challens,gchallenslu@wsj.com,Female,197.36.218.151,Portugal
788,Minor,Lobbe,mlobbelv@nba.com,Male,242.174.15.101,Russia
789,Annnora,Yuryaev,ayuryaevlw@squidoo.com,Female,47.227.116.186,Ukraine
790,Emory,Gainsford,egainsfordlx@merriam-webster.com,Male,252.80.126.167,Colombia
791,Felizio,Caddan,fcaddanly@bluehost.com,Male,158.3.207.83,United Kingdom
792,Janeczka,Eborn,jebornlz@yandex.ru,Female,23.86.92.160,United States
793,Malena,Gibke,mgibkem0@intel.com,Female,58.232.36.58,United Kingdom
794,Fidole,Pascoe,fpascoem1@google.nl,Male,82.37.212.135,Russia
795,Meredith,Kalker,mkalkerm2@fda.gov,Male,154.88.135.126,Guatemala
796,Gregg,Dawe,gdawem3@sbwire.com,Male,239.161.162.132,Rwanda
797,Jeramie,Everiss,jeverissm4@comcast.net,Male,250.115.88.241,Czech Republic
798,Yehudit,Leibold,yleiboldm5@wikimedia.org,Male,35.132.173.18,China
799,Maressa,Onn,monnm6@google.fr,Female,81.110.13.154,Portugal
800,Marian,Postin,mpostinm7@about.com,Female,232.185.232.72,Mexico
801,Lovell,Bilovus,lbilovusm8@adobe.com,Male,158.141.115.209,Indonesia
802,Rubetta,Skase,rskasem9@salon.com,Female,127.217.146.92,China
803,Tildie,Wooster,twoosterma@yelp.com,Female,238.118.207.103,China
804,Katrine,Samwyse,ksamwysemb@wunderground.com,Female,57.43.232.66,France
805,August,Kobpa,akobpamc@unesco.org,Male,82.189.58.195,Russia
806,Casandra,Yegorovnin,cyegorovninmd@ucla.edu,Female,132.241.223.136,China
807,Wilfrid,Tigwell,wtigwellme@uiuc.edu,Male,218.181.50.10,Mexico
808,Annamarie,Lane,alanemf@github.io,Female,4.68.127.100,China
809,Ynez,Varvell,yvarvellmg@omniture.com,Female,138.228.248.149,Cape Verde
810,Victoir,Allcorn,vallcornmh@cdc.gov,Male,166.34.118.203,Russia
811,Charis,Canedo,ccanedomi@imgur.com,Female,233.146.108.65,Pakistan
812,Brear,Delaprelle,bdelaprellemj@yolasite.com,Female,116.129.159.247,Philippines
813,Stearn,Barden,sbardenmk@europa.eu,Male,18.188.77.19,Sweden
814,Fancy,Zorzi,fzorziml@usatoday.com,Female,68.35.38.100,China
815,Mitchel,Meaking,mmeakingmm@cdbaby.com,Male,184.182.249.60,China
816,Modesta,Swanston,mswanstonmn@imgur.com,Female,204.25.54.219,China
817,Elayne,FitzGilbert,efitzgilbertmo@ftc.gov,Female,40.80.123.156,Indonesia
818,Dunn,Chmarny,dchmarnymp@china.com.cn,Male,207.107.18.159,China
819,Donna,oldey,doldeymq@skype.com,Female,97.11.136.150,Cyprus
820,Justus,Brandon,jbrandonmr@chicagotribune.com,Male,91.114.238.42,Indonesia
821,Garrard,Scotti,gscottims@nationalgeographic.com,Male,48.155.88.170,United States
822,Myles,Rummings,mrummingsmt@ihg.com,Male,104.136.147.100,Poland
823,Westbrooke,Mountlow,wmountlowmu@bandcamp.com,Male,33.137.49.67,China
824,Kennett,Ayling,kaylingmv@arstechnica.com,Male,73.190.103.31,Serbia
825,Roberto,Cockley,rcockleymw@toplist.cz,Male,228.3.200.121,Venezuela
826,Tailor,Falkner,tfalknermx@google.co.uk,Male,108.58.148.171,Thailand
827,Waite,Le Guin,wleguinmy@paypal.com,Male,147.254.121.253,Philippines
828,Shelby,Burdess,sburdessmz@dailymotion.com,Male,20.44.179.30,Zimbabwe
829,Torie,Touret,ttouretn0@flickr.com,Female,133.234.210.199,United States
830,Easter,Abramovitz,eabramovitzn1@addtoany.com,Female,227.178.194.211,China
831,Milt,Americi,mamericin2@biglobe.ne.jp,Male,93.95.44.148,Argentina
832,Elisabetta,Thorrington,ethorringtonn3@google.fr,Female,62.7.221.157,Brazil
833,De witt,Dugan,ddugann4@auda.org.au,Male,215.23.173.184,Yemen
834,Nilson,Frediani,nfredianin5@123-reg.co.uk,Male,240.160.212.149,Argentina
835,Fenelia,McPhater,fmcphatern6@elpais.com,Female,145.238.18.224,Nigeria
836,Nadine,Kenna,nkennan7@1und1.de,Female,122.223.252.52,Malaysia
837,Willabella,Hearthfield,whearthfieldn8@walmart.com,Female,89.88.27.23,Portugal
838,Karolina,Satteford,ksattefordn9@sbwire.com,Female,155.197.76.43,Uganda
839,Sebastien,Coats,scoatsna@cnn.com,Male,207.82.105.184,United States
840,Elliott,Jacquemot,ejacquemotnb@lulu.com,Male,118.186.216.194,Tajikistan
841,Spencer,Leggen,sleggennc@wp.com,Male,49.44.5.23,Philippines
842,Ruthie,Redmond,rredmondnd@tumblr.com,Female,171.11.51.70,Sweden
843,Melisent,Colson,mcolsonne@statcounter.com,Female,205.85.84.199,China
844,Donny,Gisbey,dgisbeynf@twitpic.com,Male,145.21.234.54,France
845,Neilla,Eouzan,neouzanng@linkedin.com,Female,134.119.74.101,Sweden
846,Wendi,Sturt,wsturtnh@google.com.br,Female,206.85.15.166,Ukraine
847,Cletis,Harkness,charknessni@ustream.tv,Male,198.87.88.197,Poland
848,Deane,Roake,droakenj@discovery.com,Female,31.196.49.72,United States
849,Mord,Ecclestone,mecclestonenk@51.la,Male,203.247.62.240,Micronesia
850,Julie,Paumier,jpaumiernl@salon.com,Male,143.89.83.161,China
851,Livvyy,Steutly,lsteutlynm@ameblo.jp,Female,239.167.157.32,Venezuela
852,Jennine,Murt,jmurtnn@europa.eu,Female,198.104.241.95,Canada
853,Brendan,Bernardo,bbernardono@alibaba.com,Male,191.143.187.189,Thailand
854,Drucie,Fellnee,dfellneenp@dmoz.org,Female,120.164.193.172,Indonesia
855,Reinaldos,Witling,rwitlingnq@ebay.com,Male,233.223.88.4,Indonesia
856,Cariotta,Tighe,ctighenr@comsenz.com,Female,51.196.112.178,China
857,Boonie,Gilhouley,bgilhouleyns@webeden.co.uk,Male,168.200.160.244,Madagascar
858,Pierce,O'Glessane,poglessanent@list-manage.com,Male,86.139.59.180,Argentina
859,Sergent,Hebson,shebsonnu@prnewswire.com,Male,37.195.59.40,Sweden
860,Pierrette,Covotto,pcovottonv@hibu.com,Female,125.141.73.142,Indonesia
861,Isak,Girodias,igirodiasnw@amazon.co.uk,Male,247.75.220.232,Belarus
862,Allayne,Gerriessen,agerriessennx@ed.gov,Male,51.151.172.85,Philippines
863,Efren,Garm,egarmny@businessweek.com,Male,216.250.211.0,Thailand
864,Adolphus,Mattiazzo,amattiazzonz@rambler.ru,Male,4.112.203.4,Russia
865,Tiff,Brader,tbradero0@wikimedia.org,Female,74.97.17.153,Mali
866,Paulita,Caroli,pcarolio1@nationalgeographic.com,Female,151.36.41.60,China
867,Iseabal,Matthewman,imatthewmano2@ox.ac.uk,Female,29.137.200.200,Venezuela
868,Hollyanne,Seaborn,hseaborno3@nsw.gov.au,Female,225.23.132.95,United Kingdom
869,Lettie,Tong,ltongo4@seattletimes.com,Female,11.38.7.243,Kosovo
870,Petronella,Bernardeschi,pbernardeschio5@amazon.co.uk,Female,196.143.163.234,Indonesia
871,Gwen,Beames,gbeameso6@tamu.edu,Female,28.134.135.27,Venezuela
872,Merl,Karby,mkarbyo7@uiuc.edu,Female,191.213.88.186,Nigeria
873,Angela,Garci,agarcio8@artisteer.com,Female,209.168.250.229,Philippines
874,Terri-jo,Dublin,tdublino9@wikipedia.org,Female,222.68.98.193,Indonesia
875,Theadora,Newens,tnewensoa@sciencedaily.com,Female,142.129.25.31,Portugal
876,Joe,Shipway,jshipwayob@behance.net,Male,229.37.73.32,Nepal
877,Beltran,Marxsen,bmarxsenoc@illinois.edu,Male,148.231.195.250,United States
878,Susann,Gloster,sglosterod@imageshack.us,Female,120.161.28.53,China
879,Shanon,Kendrick,skendrickoe@upenn.edu,Female,154.131.118.150,Philippines
880,Ewart,Wyrall,ewyrallof@pinterest.com,Male,43.31.190.126,Philippines
881,Livvy,Morforth,lmorforthog@cam.ac.uk,Female,67.194.160.251,China
882,Culley,Courcey,ccourceyoh@tamu.edu,Male,218.195.123.155,Peru
883,El,Hymor,ehymoroi@skyrock.com,Male,98.159.52.246,China
884,Arman,Ludewig,aludewigoj@moonfruit.com,Male,222.56.114.170,Pakistan
885,Phyllida,Ecclestone,pecclestoneok@mlb.com,Female,90.87.111.222,Japan
886,Nico,Hrihorovich,nhrihorovichol@homestead.com,Male,211.40.197.205,Russia
887,Rosaleen,Piwell,rpiwellom@netscape.com,Female,74.72.231.177,Malaysia
888,Maribeth,Hourston,mhourstonon@vk.com,Female,159.172.105.54,Iraq
889,Lyon,Leate,lleateoo@uiuc.edu,Male,42.68.219.161,South Africa
890,Urbain,Kissell,ukissellop@squidoo.com,Male,71.187.9.158,China
891,Lotte,Chattey,lchatteyoq@weather.com,Female,20.49.119.205,Yemen
892,Addy,Monketon,amonketonor@icq.com,Female,221.234.206.100,Philippines
893,Merrile,Seefeldt,mseefeldtos@wiley.com,Female,77.112.121.245,Argentina
894,Natka,Windress,nwindressot@skyrock.com,Female,115.1.106.184,China
895,Becka,Blaydes,bblaydesou@myspace.com,Female,192.196.17.52,Cameroon
896,Randi,Riach,rriachov@oaic.gov.au,Male,175.169.159.3,China
897,Crissy,Dietz,cdietzow@plala.or.jp,Female,108.173.15.55,China
898,Lenore,Odger,lodgerox@irs.gov,Female,31.198.191.105,China
899,Karola,Brockman,kbrockmanoy@themeforest.net,Female,34.35.200.160,Armenia
900,Rudolf,Barnes,rbarnesoz@paypal.com,Male,16.58.45.23,Georgia
901,Erena,Magrannell,emagrannellp0@marriott.com,Female,232.252.21.167,Ireland
902,Kleon,Parradye,kparradyep1@yale.edu,Male,24.41.35.86,Argentina
903,Tresa,Eginton,tegintonp2@ebay.com,Female,225.254.76.243,Indonesia
904,Booth,Bille,bbillep3@mashable.com,Male,211.154.139.199,Czech Republic
905,Fernando,Gunningham,fgunninghamp4@mozilla.org,Male,69.47.247.231,Indonesia
906,Jourdain,Grishkov,jgrishkovp5@ovh.net,Male,223.183.226.243,Sweden
907,Maryjo,Tomaskov,mtomaskovp6@4shared.com,Female,55.43.96.6,Indonesia
908,Silvia,Garnett,sgarnettp7@dailymail.co.uk,Female,153.201.215.73,Peru
909,Frayda,Hevey,fheveyp8@topsy.com,Female,185.35.48.207,Russia
910,Conni,Chsteney,cchsteneyp9@gov.uk,Female,201.17.193.11,Indonesia
911,Cassondra,Ionesco,cionescopa@shop-pro.jp,Female,76.28.200.23,Poland
912,Kienan,Fossitt,kfossittpb@digg.com,Male,113.27.176.99,Philippines
913,Kele,Narraway,knarrawaypc@blogtalkradio.com,Male,253.27.118.158,Thailand
914,Krishna,Baffin,kbaffinpd@un.org,Male,120.154.241.143,Indonesia
915,Harvey,Retchless,hretchlesspe@opera.com,Male,133.51.205.64,Philippines
916,Corabelle,Gandley,cgandleypf@indiegogo.com,Female,43.29.59.201,China
917,Barnaby,Escolme,bescolmepg@cnet.com,Male,2.202.188.205,Peru
918,Mal,Lippi,mlippiph@xinhuanet.com,Male,77.60.200.154,Slovenia
919,Anissa,Gauge,agaugepi@51.la,Female,116.222.229.107,Ukraine
920,Myriam,Skupinski,mskupinskipj@blogger.com,Female,25.219.134.209,Mexico
921,Cyrill,Baldacco,cbaldaccopk@creativecommons.org,Male,61.78.28.74,Laos
922,Helenelizabeth,French,hfrenchpl@elegantthemes.com,Female,127.158.77.132,Indonesia
923,Worthington,Muckian,wmuckianpm@reference.com,Male,60.155.255.194,Canada
924,Elmira,Joliffe,ejoliffepn@diigo.com,Female,201.62.33.147,China
925,Hanson,Kirkham,hkirkhampo@latimes.com,Male,144.192.233.1,Indonesia
926,Ewell,Veal,evealpp@amazon.com,Male,141.11.170.118,China
927,Winn,Kyd,wkydpq@acquirethisname.com,Male,16.218.152.19,China
928,Palmer,Size,psizepr@oracle.com,Male,110.208.43.253,Czech Republic
929,Koressa,Hildrew,khildrewps@craigslist.org,Female,104.250.135.5,Philippines
930,Roxine,Hearle,rhearlept@nasa.gov,Female,225.199.126.143,Brazil
931,Albert,McGinly,amcginlypu@soundcloud.com,Male,51.146.95.254,France
932,Caressa,Degli Antoni,cdegliantonipv@bloomberg.com,Female,167.189.215.117,Norway
933,Horst,Regan,hreganpw@pen.io,Male,116.194.246.226,Peru
934,Essy,Pickthorn,epickthornpx@springer.com,Female,241.212.55.217,Russia
935,Marybeth,Taffs,mtaffspy@seesaa.net,Female,253.155.28.117,Mexico
936,Mortimer,Le Ball,mleballpz@posterous.com,Male,211.137.200.211,China
937,Abraham,Averay,aaverayq0@123-reg.co.uk,Male,241.200.47.129,China
938,Hughie,Dace,hdaceq1@lycos.com,Male,158.74.227.70,China
939,Faina,Proswell,fproswellq2@comsenz.com,Female,0.12.127.115,Indonesia
940,Darrin,Moyer,dmoyerq3@japanpost.jp,Male,130.99.215.228,Benin
941,Cahra,Tombs,ctombsq4@yale.edu,Female,136.237.247.206,Brazil
942,Hyacintha,Philbrook,hphilbrookq5@slate.com,Female,204.220.0.153,Russia
943,Etta,Wytchard,ewytchardq6@baidu.com,Female,21.154.154.40,China
944,Adolphe,Howett,ahowettq7@nature.com,Male,56.99.206.64,Thailand
945,Brittan,Cluse,bcluseq8@typepad.com,Female,36.186.225.127,Dominican Republic
946,Barry,Paddefield,bpaddefieldq9@cornell.edu,Male,61.129.119.173,Afghanistan
947,Elspeth,Azema,eazemaqa@bloomberg.com,Female,66.34.37.81,China
948,Margeaux,Maud,mmaudqb@bizjournals.com,Female,5.19.248.120,Ukraine
949,Mandy,Budgett,mbudgettqc@mtv.com,Female,4.39.229.83,Venezuela
950,Jacquelynn,Cersey,jcerseyqd@dedecms.com,Female,191.188.207.85,Indonesia
951,Phyllys,Kondratenko,pkondratenkoqe@hud.gov,Female,31.67.159.113,Russia
952,Teddi,Lennard,tlennardqf@dyndns.org,Female,147.62.250.248,Sweden
953,Julia,Chillistone,jchillistoneqg@intel.com,Female,48.115.229.191,Indonesia
954,Nil,Chatelain,nchatelainqh@cdbaby.com,Male,36.119.112.23,China
955,Marsha,Bussen,mbussenqi@apple.com,Female,48.253.249.61,China
956,Laney,Hains,lhainsqj@list-manage.com,Female,244.131.185.153,China
957,Brodie,Slucock,bslucockqk@wikispaces.com,Male,140.70.209.30,Japan
958,Ruthie,Pickersgill,rpickersgillql@hao123.com,Female,26.176.219.57,Palestinian Territory
959,Yolanthe,Akester,yakesterqm@youtu.be,Female,149.16.62.194,China
960,Preston,Jovic,pjovicqn@hp.com,Male,38.232.146.193,Poland
961,Noell,Newlove,nnewloveqo@artisteer.com,Female,252.205.236.173,Thailand
962,Raquela,Olding,roldingqp@weibo.com,Female,174.134.97.116,Nicaragua
963,Sherilyn,Gecke,sgeckeqq@youtube.com,Female,233.113.220.122,Nigeria
964,Udell,Garry,ugarryqr@yahoo.co.jp,Male,151.128.49.185,Aland Islands
965,Regine,Kiddie,rkiddieqs@github.com,Female,211.122.134.170,China
966,Celestyn,Kerby,ckerbyqt@quantcast.com,Female,252.104.68.183,Oman
967,Perle,Chidwick,pchidwickqu@sitemeter.com,Female,42.11.171.242,Indonesia
968,Patric,Bezants,pbezantsqv@paypal.com,Male,249.149.2.51,Indonesia
969,Granthem,Crudge,gcrudgeqw@51.la,Male,137.47.199.102,China
970,Jemmy,Vedishchev,jvedishchevqx@mashable.com,Female,45.162.209.146,France
971,Harwell,Habgood,hhabgoodqy@geocities.com,Male,100.114.113.60,Comoros
972,Palm,Frisdick,pfrisdickqz@linkedin.com,Male,53.233.209.105,Ireland
973,Hendrick,Prendiville,hprendiviller0@nyu.edu,Male,91.139.233.101,China
974,Roscoe,Livezey,rlivezeyr1@wunderground.com,Male,40.187.168.208,Vietnam
975,Marlon,Lorryman,mlorrymanr2@nps.gov,Male,92.158.52.153,Poland
976,Lucille,Pedrielli,lpedriellir3@newsvine.com,Female,123.110.223.253,Sweden
977,Andrea,Davidou,adavidour4@arstechnica.com,Female,18.97.81.9,Argentina
978,Nina,Colisbe,ncolisber5@tmall.com,Female,83.7.141.39,Czech Republic
979,Fonz,Berendsen,fberendsenr6@go.com,Male,221.102.21.186,China
980,Emile,Stode,estoder7@unesco.org,Male,188.53.160.25,Portugal
981,Debra,Ellershaw,dellershawr8@ycombinator.com,Female,95.198.136.142,China
982,Haley,Larciere,hlarcierer9@netvibes.com,Male,211.148.182.55,China
983,Fraser,Leworthy,fleworthyra@wordpress.com,Male,172.199.184.127,China
984,Xylia,McAless,xmcalessrb@ow.ly,Female,94.20.14.29,China
985,Nap,Giraldez,ngiraldezrc@soup.io,Male,6.67.25.55,Poland
986,Nickie,Coltan,ncoltanrd@examiner.com,Male,125.136.117.59,China
987,Thurstan,Rein,treinre@walmart.com,Male,223.202.113.111,Sweden
988,Farra,Nuscha,fnuscharf@harvard.edu,Female,32.211.241.7,Sweden
989,Sigvard,Arendt,sarendtrg@uol.com.br,Male,233.117.112.13,Jamaica
990,Tootsie,Runcieman,trunciemanrh@dmoz.org,Female,242.130.146.247,Sweden
991,Gherardo,Nelthorpe,gnelthorperi@about.com,Male,58.193.150.82,China
992,Wakefield,Keniwell,wkeniwellrj@narod.ru,Male,134.14.188.16,China
993,Wilma,Gheraldi,wgheraldirk@blogtalkradio.com,Female,84.37.217.109,China
994,Georgina,Meneyer,gmeneyerrl@squidoo.com,Female,214.81.196.226,Argentina
995,Janine,Romaynes,jromaynesrm@gnu.org,Female,54.223.16.215,Egypt
996,Krishna,Hubbucke,khubbuckern@apple.com,Male,175.81.60.161,Russia
997,Teriann,Haggith,thaggithro@163.com,Female,255.85.25.98,Paraguay
998,Garland,Abramski,gabramskirp@youku.com,Female,80.99.207.56,Portugal
999,Elga,Ager,eagerrq@furl.net,Female,19.43.194.58,China
1000,Liv,Spadollini,lspadollinirr@census.gov,Female,47.6.14.114,Japan
